Datetime,Water Level (m)
2025-07-29 00:00:00,1.4488572
2025-07-29 01:00:00,1.0332477
2025-07-29 02:00:00,0.627422
2025-07-29 03:00:00,0.3090409
2025-07-29 04:00:00,0.07543491
2025-07-29 05:00:00,-0.09090429
2025-07-29 06:00:00,-0.22921504
2025-07-29 07:00:00,0.09841589
2025-07-29 08:00:00,0.8587978
2025-07-29 09:00:00,1.5552828
2025-07-29 10:00:00,2.0252018
2025-07-29 11:00:00,2.0882795
2025-07-29 12:00:00,1.8741857
2025-07-29 13:00:00,1.3765632
2025-07-29 14:00:00,0.8926829
2025-07-29 15:00:00,0.5593664
2025-07-29 16:00:00,0.3155464
2025-07-29 17:00:00,0.112668194
2025-07-29 18:00:00,-0.03924201
2025-07-29 19:00:00,-0.12692864
2025-07-29 20:00:00,0.45259935
2025-07-29 21:00:00,1.1347507
2025-07-29 22:00:00,1.7211475
2025-07-29 23:00:00,1.9423964
2025-07-30 00:00:00,1.8531735
2025-07-30 01:00:00,1.4917979
2025-07-30 02:00:00,1.0210999
2025-07-30 03:00:00,0.6791638
2025-07-30 04:00:00,0.44263434
2025-07-30 05:00:00,0.23761168
2025-07-30 06:00:00,0.08562375
2025-07-30 07:00:00,-0.019454595
2025-07-30 08:00:00,0.47844136
2025-07-30 09:00:00,1.1831563
2025-07-30 10:00:00,1.7894801
2025-07-30 11:00:00,2.0272212
2025-07-30 12:00:00,1.9472669
2025-07-30 13:00:00,1.5983775
2025-07-30 14:00:00,1.1214689
2025-07-30 15:00:00,0.7721895
2025-07-30 16:00:00,0.5311867
2025-07-30 17:00:00,0.32209402
2025-07-30 18:00:00,0.14804329
2025-07-30 19:00:00,-0.0011470515
2025-07-30 20:00:00,0.18920587
2025-07-30 21:00:00,0.7919183
2025-07-30 22:00:00,1.4636286
2025-07-30 23:00:00,1.9078449
2025-07-31 00:00:00,1.9644394
2025-07-31 01:00:00,1.7665573
2025-07-31 02:00:00,1.3373892
2025-07-31 03:00:00,0.9242
2025-07-31 04:00:00,0.6618741
2025-07-31 05:00:00,0.45474374
2025-07-31 06:00:00,0.26128712
2025-07-31 07:00:00,0.1294242
2025-07-31 08:00:00,0.16886503
2025-07-31 09:00:00,0.67606896
2025-07-31 10:00:00,1.301011
2025-07-31 11:00:00,1.746113
2025-07-31 12:00:00,1.8143263
2025-07-31 13:00:00,1.6543037
2025-07-31 14:00:00,1.2805525
2025-07-31 15:00:00,0.87602866
2025-07-31 16:00:00,0.61393064
2025-07-31 17:00:00,0.41129524
2025-07-31 18:00:00,0.21268569
2025-07-31 19:00:00,0.073041074
2025-07-31 20:00:00,-0.023499854
2025-07-31 21:00:00,0.3450531
2025-07-31 22:00:00,0.90109575
2025-07-31 23:00:00,1.456632
2025-08-01 00:00:00,1.7244451
2025-08-01 01:00:00,1.718136
2025-08-01 02:00:00,1.5141652
2025-08-01 03:00:00,1.1412216
2025-08-01 04:00:00,0.80325973
2025-08-01 05:00:00,0.5776543
2025-08-01 06:00:00,0.38757843
2025-08-01 07:00:00,0.21064249
2025-08-01 08:00:00,0.13057958
2025-08-01 09:00:00,0.33955544
2025-08-01 10:00:00,0.8117428
2025-08-01 11:00:00,1.3198014
2025-08-01 12:00:00,1.5836244
2025-08-01 13:00:00,1.5720505
2025-08-01 14:00:00,1.3858173
2025-08-01 15:00:00,1.0464872
2025-08-01 16:00:00,0.7254946
2025-08-01 17:00:00,0.51303214
2025-08-01 18:00:00,0.32748199
2025-08-01 19:00:00,0.15273643
2025-08-01 20:00:00,0.046447787
2025-08-01 21:00:00,0.07090721
2025-08-01 22:00:00,0.47459355
2025-08-01 23:00:00,1.0112627
2025-08-02 00:00:00,1.470635
2025-08-02 01:00:00,1.6320643
2025-08-02 02:00:00,1.6170151
2025-08-02 03:00:00,1.4115282
2025-08-02 04:00:00,1.091269
2025-08-02 05:00:00,0.80955625
2025-08-02 06:00:00,0.6155756
2025-08-02 07:00:00,0.44948396
2025-08-02 08:00:00,0.298632
2025-08-02 09:00:00,0.2544221
2025-08-02 10:00:00,0.42418095
2025-08-02 11:00:00,0.78926647
2025-08-02 12:00:00,1.2059764
2025-08-02 13:00:00,1.3768193
2025-08-02 14:00:00,1.3415623
2025-08-02 15:00:00,1.1727645
2025-08-02 16:00:00,0.89070326
2025-08-02 17:00:00,0.63432676
2025-08-02 18:00:00,0.45722353
2025-08-02 19:00:00,0.29445744
2025-08-02 20:00:00,0.14193156
2025-08-02 21:00:00,0.06712248
2025-08-02 22:00:00,0.14113533
2025-08-02 23:00:00,0.49009037
2025-08-03 00:00:00,0.9611466
2025-08-03 01:00:00,1.3533732
2025-08-03 02:00:00,1.5103632
2025-08-03 03:00:00,1.5230665
2025-08-03 04:00:00,1.3611076
2025-08-03 05:00:00,1.0894841
2025-08-03 06:00:00,0.84225315
2025-08-03 07:00:00,0.6561376
2025-08-03 08:00:00,0.4931609
2025-08-03 09:00:00,0.3429908
2025-08-03 10:00:00,0.24133654
2025-08-03 11:00:00,0.30420822
2025-08-03 12:00:00,0.50394773
2025-08-03 13:00:00,0.8453125
2025-08-03 14:00:00,1.1023191
2025-08-03 15:00:00,1.1231593
2025-08-03 16:00:00,1.0205388
2025-08-03 17:00:00,0.82402766
2025-08-03 18:00:00,0.59934205
2025-08-03 19:00:00,0.41503108
2025-08-03 20:00:00,0.26266044
2025-08-03 21:00:00,0.12077253
2025-08-03 22:00:00,0.05075325
2025-08-03 23:00:00,0.08050718
2025-08-04 00:00:00,0.33701867
